1789494129.373,200,0.075928
1789495757.998,300,0.011892
1789495758.018,300,0.005744
1789495758.043,300,0.013136
1789496514.144,200,0.013368
1789496514.640,200,0.012085
1789496515.140,200,0.011227
1789496515.637,200,0.008646
1789496516.130,200,0.002552
1789496516.652,200,0.014072
1789496517.139,200,0.009354
1789496517.636,200,0.005615
1789496518.135,200,0.003021
1789496518.634,200,0.005458
1789496519.138,200,0.003528
1789496519.643,200,0.005233
1789496520.142,200,0.004267
1789496520.634,200,0.006196
1789496521.137,200,0.002951
1789496521.635,200,0.003960
1789496522.131,200,0.003427
1789496522.641,200,0.012976
1789496523.139,200,0.007729
1789496523.649,200,0.012128
1789496524.135,200,0.002869
1789496524.646,200,0.005153
1789496525.136,200,0.008371
1789496525.650,200,0.006983
1789496526.139,200,0.007479
1789496526.642,200,0.012797
1789496527.135,200,0.007131
1789496527.650,200,0.021850
1789496528.136,200,0.008195
1789496528.632,200,0.002802
1789496529.140,200,0.009709
1789496529.635,200,0.003274
1789496530.135,200,0.004518
1789496530.633,200,0.004868
1789496531.139,200,0.004150
1789496531.631,200,0.002591
1789496532.147,200,0.014919
1789496532.633,200,0.004399
1789496533.137,200,0.008191
1789496533.637,200,0.008547
1789496534.135,200,0.003593
1789496534.640,200,0.009499
1789496535.152,200,0.018600
1789496535.640,200,0.008500
1789496536.137,200,0.007621
1789496536.633,200,0.003976
1789496537.145,200,0.011321
1789496537.637,200,0.007974
1789496538.136,200,0.005686
1789496538.634,200,0.005802
1789496539.135,200,0.004548
1789496539.640,200,0.007742
1789496540.135,200,0.006655
1789496540.653,200,0.010126
1789496541.131,200,0.002716
1789496541.636,200,0.007886
1789496542.132,200,0.003451
1789496542.635,200,0.004770
1789496543.145,200,0.009045
1789496543.636,200,0.004851
1789497009.144,200,0.005874
1789497009.188,200,0.004805
1789497009.244,200,0.009450
1789497009.307,200,0.005480
1789497009.348,200,0.010873
1789497009.387,200,0.003150
1789497009.439,200,0.005590
1789497009.507,200,0.013436
1789497009.541,200,0.008360
1789497009.598,200,0.009242
1789497009.638,200,0.005242
1789497009.695,200,0.012631
1789497009.739,200,0.006486
1789497009.786,200,0.003535
1789497009.841,200,0.005853
1789497009.908,200,0.014484
1789497009.942,200,0.007375
1789497009.997,200,0.010035
1789497010.040,200,0.006515
1789497010.091,200,0.006303
1789497010.140,200,0.006579
1789497010.192,200,0.008971
1789497010.257,200,0.019421
1789497010.298,200,0.005200
1789497010.341,200,0.004593
1789497010.401,200,0.007475
1789497010.446,200,0.012059
1789497010.491,200,0.003931
1789497010.536,200,0.003599
1789497010.593,200,0.009345
1789497010.642,200,0.008754
1789497010.687,200,0.003980
1789497010.741,200,0.007119
1789497010.788,200,0.005283
1789497010.841,200,0.008755
1789497010.909,200,0.025820
1789497010.940,200,0.007068
1789497010.987,200,0.004586
1789497011.041,200,0.008001
1789497011.093,200,0.010114
1789497011.136,200,0.003555
1789497011.196,200,0.013389
1789497011.249,200,0.013593
1789497011.301,200,0.018667
1789497011.343,200,0.007044
1789497011.388,200,0.004359
1789497011.440,200,0.005578
1789497011.503,200,0.010474
1789497011.542,200,0.008957
1789497011.599,200,0.015203
1789497011.642,200,0.005256
1789497011.690,200,0.008258
1789497011.754,200,0.022066
1789497011.794,200,0.012251
1789497011.847,200,0.009963
1789497011.890,200,0.006843
1789497011.941,200,0.008610
1789497012.005,200,0.021509
1789497012.042,200,0.009990
1789497012.102,200,0.015976
1789497012.145,200,0.005424
1789497012.192,200,0.008277
1789497012.236,200,0.004043
1789497012.295,200,0.011846
1789497012.338,200,0.006231
1789497012.397,200,0.011900
1789497012.443,200,0.010001
1789497012.487,200,0.005014
1789497012.536,200,0.003323
1789497012.597,200,0.014709
1789497012.639,200,0.006879
1789497012.687,200,0.004528
1789497012.739,200,0.006972
1789497012.808,200,0.026049
1789497012.841,200,0.009040
1789497012.893,200,0.010817
1789497012.940,200,0.007049
1789497012.994,200,0.010366
1789497013.037,200,0.004906
1789497013.086,200,0.004186
1789497013.139,200,0.004961
1789497013.189,200,0.006812
1789497013.237,200,0.005243
1789497013.292,200,0.006861
1789497013.338,200,0.005830
1789497013.397,200,0.009354
1789497013.435,200,0.003432
1789497013.485,200,0.003339
1789497013.539,200,0.004050
1789497013.603,200,0.014764
1789497013.642,200,0.008503
1789497013.688,200,0.005616
1789497013.737,200,0.005185
1789497013.792,200,0.010096
1789497013.854,200,0.022156
1789497013.891,200,0.009094
1789497013.946,200,0.013566
1789497013.989,200,0.006754
1789497014.044,200,0.011088
1789497014.086,200,0.003607
1789497014.136,200,0.003158
1789497014.194,200,0.009853
1789497014.237,200,0.005919
1789497014.289,200,0.006298
1789497014.337,200,0.005485
1789497014.392,200,0.009534
1789497014.440,200,0.005552
1789497014.492,200,0.009637
1789497014.539,200,0.005885
1789497014.592,200,0.009867
1789497014.647,200,0.011489
1789497014.687,200,0.005362
1789497014.741,200,0.007467
1789497014.788,200,0.006148
1789497014.839,200,0.003548
1789497014.892,200,0.007210
1789497014.940,200,0.008372
1789497014.995,200,0.012530
1789497015.036,200,0.004642
1789497015.086,200,0.004734
1789497015.138,200,0.005517
1789497015.191,200,0.009676
1789497015.236,200,0.004730
1789497015.302,200,0.017683
1789497015.346,200,0.011285
1789497015.391,200,0.008615
1789497015.435,200,0.003432
1789497015.495,200,0.013043
1789497015.545,200,0.009588
1789497015.590,200,0.007778
1789497015.642,200,0.007286
1789497015.687,200,0.004622
1789497015.743,200,0.009442
1789497015.794,200,0.010831
1789497015.840,200,0.007951
1789497015.894,200,0.011879
1789497015.940,200,0.007600
1789497015.989,200,0.007143
1789497016.045,200,0.008288
1789497016.088,200,0.005659
1789497016.146,200,0.013108
1789497016.196,200,0.013960
1789497016.237,200,0.005029
1789497016.291,200,0.009395
1789497016.337,200,0.005749
1789497016.387,200,0.004785
1789497016.439,200,0.007289
1789497016.486,200,0.003610
1789497016.539,200,0.007355
1789497016.587,200,0.004692
1789497016.648,200,0.012090
1789497016.689,200,0.006419
1789497016.738,200,0.004973
1789497016.788,200,0.006406
1789497016.844,200,0.008562
1789497016.886,200,0.003612
1789497016.940,200,0.005004
1789497016.999,200,0.012039
1789497017.041,200,0.009350
1789497017.089,200,0.007174
1789497017.137,200,0.005182
1789497017.189,200,0.007263
1789497017.243,200,0.007032
1789497017.291,200,0.008936
1789497017.342,200,0.007812
1789497017.388,200,0.005456
1789497017.446,200,0.009661
1789497017.501,200,0.018919
1789497017.547,200,0.013878
1789497017.586,200,0.003555
1789497017.639,200,0.005023
1789497017.686,200,0.004474
1789497017.759,200,0.027351
1789497017.789,200,0.005010
1789497017.836,200,0.004543
1789497017.894,200,0.011799
1789497017.939,200,0.006648
1789497017.992,200,0.009153
1789497018.040,200,0.004928
1789497018.086,200,0.003839
1789497018.147,200,0.014779
1789497018.188,200,0.005670
1789497018.245,200,0.009703
1789497018.285,200,0.003553
1789497018.339,200,0.006715
1789497018.402,200,0.015367
1789497018.447,200,0.006588
1789497018.490,200,0.007021
1789497018.539,200,0.004686
1789497018.592,200,0.009918
1789497018.652,200,0.013486
1789497018.696,200,0.006439
1789497018.747,200,0.015103
1789497018.788,200,0.004049
1789497018.843,200,0.010936
1789497018.889,200,0.006268
1789497018.948,200,0.014990
1789497018.992,200,0.005568
1789497019.041,200,0.009387
1789497019.098,200,0.011847
1789497019.143,200,0.010884
1789497019.203,200,0.020945
1789497019.244,200,0.011143
1789497019.287,200,0.004801
1789497019.339,200,0.004001
1789497019.386,200,0.004017
1789497019.442,200,0.009663
1789497019.486,200,0.004372
1789497019.541,200,0.004542
1789497019.590,200,0.004108
1789497019.636,200,0.003681
1789497019.690,200,0.005150
1789497019.736,200,0.004590
1789497019.786,200,0.003622
1789497019.859,200,0.026371
1789497019.892,200,0.006930
1789497019.939,200,0.007502
1789497019.990,200,0.006551
1789497020.038,200,0.005485
1789497020.087,200,0.004946
1789497020.145,200,0.012128
1789497020.197,200,0.014249
1789497020.249,200,0.016158
1789497020.289,200,0.006652
1789497020.344,200,0.009455
1789497020.385,200,0.003297
1789497020.440,200,0.003920
1789497020.488,200,0.005989
1789497020.542,200,0.006638
1789497020.586,200,0.004167
1789497020.636,200,0.003894
1789497020.711,200,0.019951
1789497020.751,200,0.015884
1789497020.792,200,0.010191
1789497020.836,200,0.003478
1789497020.898,200,0.016094
1789497020.959,200,0.017713
1789497020.999,200,0.006734
1789497021.040,200,0.007457
1789497021.089,200,0.005953
1789497021.135,200,0.002898
1789497021.189,200,0.007335
1789497021.262,200,0.029622
1789497021.288,200,0.006108
1789497021.347,200,0.009160
1789497021.393,200,0.005493
1789497021.439,200,0.007507
1789497021.485,200,0.003338
1789497021.542,200,0.009883
1789497021.604,200,0.022408
1789497021.643,200,0.009218
1789497021.692,200,0.008360
1789497021.740,200,0.004567
1789497021.786,200,0.003486
1789497021.836,200,0.004885
1789497021.899,200,0.008814
1789497021.939,200,0.003765
1789497021.997,200,0.008297
1789497022.046,200,0.004154
1789497022.087,200,0.004869
1789497022.142,200,0.007151
1789497022.186,200,0.003582
1789497022.240,200,0.006264
1789497022.292,200,0.008072
1789497022.351,200,0.018885
1789497022.391,200,0.008446
1789497022.457,200,0.018712
1789497022.497,200,0.007545
1789497022.537,200,0.004323
1789497022.588,200,0.003597
1789497022.649,200,0.017275
1789497022.705,200,0.023525
1789497022.744,200,0.009789
1789497022.788,200,0.006503
1789497022.836,200,0.003959
1789497022.886,200,0.004284
1789497022.941,200,0.009255
1789497023.002,200,0.019816
1789497023.036,200,0.003855
1789497023.088,200,0.005436
1789497023.142,200,0.009867
1789497023.193,200,0.009956
1789497023.237,200,0.005338
1789497023.287,200,0.003745
1789497023.343,200,0.011301
1789497023.391,200,0.006728
1789497023.446,200,0.013761
1789497023.490,200,0.008063
1789497023.544,200,0.012373
1789497023.609,200,0.015273
1789497023.652,200,0.013669
1789497023.686,200,0.003405
1789497023.745,200,0.011562
1789497023.787,200,0.005012
1789497023.845,200,0.011196
1789497023.895,200,0.008530
1789497023.939,200,0.004407
1789497023.992,200,0.009978
1789497024.040,200,0.007488
1789497024.096,200,0.011219
1789497024.145,200,0.008192
1789497024.190,200,0.007773
1789497024.238,200,0.005311
1789497024.290,200,0.008201
1789497024.340,200,0.007768
1789497024.388,200,0.006061
1789497024.439,200,0.008293
1789497024.491,200,0.009130
1789497024.541,200,0.007253
1789497024.591,200,0.005770
1789497024.641,200,0.005110
1789497024.699,200,0.017920
1789497024.737,200,0.005336
1789497024.790,200,0.007440
1789497024.841,200,0.008828
1789497024.886,200,0.003558
1789497024.942,200,0.008749
1789497024.995,200,0.009308
1789497025.055,200,0.017546
1789497025.097,200,0.013858
1789497025.144,200,0.010055
1789497025.186,200,0.003860
1789497025.241,200,0.008697
1789497025.287,200,0.004795
1789497025.341,200,0.006305
1789497025.390,200,0.008407
1789497025.442,200,0.008613
1789497025.487,200,0.005537
1789497025.542,200,0.010475
1789497025.597,200,0.009072
1789497025.640,200,0.005851
1789497025.688,200,0.006613
1789497025.737,200,0.005198
1789497025.792,200,0.010243
1789497025.846,200,0.014122
1789497025.892,200,0.007061
1789497025.935,200,0.003551
1789497025.987,200,0.005607
1789497026.036,200,0.003803
1789497026.088,200,0.005482
1789497026.144,200,0.010576
1789497026.191,200,0.009342
1789497026.245,200,0.009164
1789497026.288,200,0.005149
1789497026.339,200,0.006938
1789497026.389,200,0.006384
1789497026.443,200,0.010827
1789497026.499,200,0.008965
1789497026.538,200,0.005217
1789497026.591,200,0.009053
1789497026.645,200,0.012914
1789497026.690,200,0.008411
1789497026.752,200,0.019760
1789497026.795,200,0.010355
1789497026.843,200,0.008897
1789497026.886,200,0.004056
1789497026.936,200,0.004014
1789497026.997,200,0.014803
1789497027.042,200,0.008849
1789497027.099,200,0.013794
1789497027.145,200,0.013905
1789497027.192,200,0.010334
1789497027.240,200,0.007764
1789497027.293,200,0.010463
1789497027.355,200,0.011589
1789497027.398,200,0.011484
1789497027.439,200,0.004379
1789497027.489,200,0.007288
1789497027.534,200,0.002968
1789497027.596,200,0.013644
1789497027.638,200,0.006171
1789497027.686,200,0.003948
1789497027.736,200,0.003935
1789497027.789,200,0.007438
1789497027.840,200,0.008475
1789497027.900,200,0.017173
1789497027.942,200,0.010307
1789497027.996,200,0.008302
1789497028.042,200,0.007210
1789497028.094,200,0.012979
1789497028.142,200,0.004032
1789497028.198,200,0.011122
1789497028.259,200,0.020725
1789497028.303,200,0.006892
1789497028.349,200,0.009975
1789497028.395,200,0.006075
1789497028.441,200,0.003567
1789497028.511,200,0.023573
1789497028.557,200,0.018924
1789497028.591,200,0.003299
1789497028.650,200,0.012085
1789497028.701,200,0.006658
1789497028.744,200,0.005666
1789497028.796,200,0.009008
1789497028.846,200,0.008263
1789497028.892,200,0.004177
1789497028.949,200,0.008859
1789497028.995,200,0.007262
1789497029.047,200,0.007013
1789497029.096,200,0.007831
1789497029.146,200,0.008542
1789497029.208,200,0.012353
1789497029.255,200,0.016528
1789497029.293,200,0.005429
1789497029.347,200,0.007836
1789497029.391,200,0.003561
1789497029.446,200,0.008389
1789497029.499,200,0.009026
1789497029.553,200,0.015564
1789497029.597,200,0.008816
1789497029.642,200,0.003749
1789497029.694,200,0.005819
1789497029.741,200,0.003706
1789497029.793,200,0.003959
1789497029.844,200,0.006735
1789497029.900,200,0.009599
1789497029.946,200,0.008038
1789497029.995,200,0.007270
1789497030.042,200,0.004141
1789497030.097,200,0.005626
1789497030.150,200,0.011642
1789497030.191,200,0.003601
1789497030.249,200,0.011041
1789497030.300,200,0.008671
1789497030.343,200,0.004322
1789497030.396,200,0.008484
1789497030.442,200,0.004585
1789497030.498,200,0.009716
1789497030.545,200,0.003730
1789497030.602,200,0.014122
1789497030.648,200,0.009658
1789497030.691,200,0.004327
1789497030.747,200,0.009231
1789497030.800,200,0.006125
1789497030.849,200,0.011642
1789497030.898,200,0.006746
1789497030.952,200,0.015096
1789497030.998,200,0.010809
1789497031.043,200,0.003861
1789497031.097,200,0.004455
1789497031.149,200,0.008690
1789497031.196,200,0.007760
1789497031.254,200,0.016632
1789497031.304,200,0.014490
1789497031.350,200,0.006039
1789497031.398,200,0.010616
1789497031.442,200,0.003589
1789497031.492,200,0.005023
1789497031.549,200,0.011124
1789497031.593,200,0.005662
1789497031.648,200,0.005666
1789497031.697,200,0.009172
1789497031.742,200,0.004754
1789497031.797,200,0.006782
1789497031.851,200,0.010928
1789497031.897,200,0.009346
1789497031.941,200,0.003576
1789497031.993,200,0.004399
1789497032.041,200,0.003247
1789497032.093,200,0.005449
1789497032.150,200,0.008031
1789497032.192,200,0.004737
1789497032.248,200,0.005895
1789497032.293,200,0.005389
1789497032.343,200,0.004171
1789497032.395,200,0.004672
1789497032.441,200,0.003610
1789497032.493,200,0.005482
1789497032.549,200,0.004291
1789497032.592,200,0.004448
1789497032.662,200,0.025004
1789497032.700,200,0.009243
1789497032.760,200,0.013494
1789497032.803,200,0.014787
1789497032.844,200,0.006155
1789497032.890,200,0.003531
1789497032.951,200,0.008835
1789497032.997,200,0.004054
1789497033.044,200,0.007408
1789497033.092,200,0.004558
1789497033.144,200,0.005715
1789497033.191,200,0.003626
1789497033.244,200,0.005171
1789497033.303,200,0.009475
1789497033.340,200,0.003953
1789497033.395,200,0.004666
1789497033.453,200,0.008782
1789497033.493,200,0.004686
1789497033.548,200,0.004974
1789497033.616,200,0.018859
1789497033.650,200,0.009810
1789497033.699,200,0.010873
1789497033.747,200,0.005763
1789497033.795,200,0.007317
1789497033.860,200,0.023083
1789497033.894,200,0.006900
1789497033.953,200,0.015613
1789497033.998,200,0.010937
1789497034.047,200,0.009188
1789497034.094,200,0.006548
1789497034.150,200,0.012449
1789497034.201,200,0.010223
1789497034.250,200,0.009602
1789497034.301,200,0.011763
1789497034.344,200,0.006978
1789497034.391,200,0.003384
1789497034.443,200,0.005099
1789497034.500,200,0.008471
1789497034.550,200,0.010068
1789497034.596,200,0.008736
1789497034.641,200,0.003984
1789497034.693,200,0.005756
1789497034.754,200,0.013784
1789497034.791,200,0.003568
1789497034.852,200,0.010013
1789497034.895,200,0.005350
1789497034.943,200,0.004217
1789497035.002,200,0.005662
1789497035.049,200,0.008779
1789497035.099,200,0.008817
1789497035.141,200,0.003122
1789497035.202,200,0.012536
1789497035.255,200,0.013127
1789497035.303,200,0.006229
1789497035.347,200,0.004462
1789497035.392,200,0.004033
1789497035.447,200,0.009486
1789497035.493,200,0.005704
1789497035.547,200,0.005662
1789497035.590,200,0.003164
1789497035.644,200,0.005599
1789497035.693,200,0.005175
1789497035.746,200,0.005308
1789497035.806,200,0.008025
1789497035.851,200,0.013430
1789497035.900,200,0.008981
1789497035.949,200,0.007273
1789497035.998,200,0.010214
1789497036.054,200,0.008423
1789497036.102,200,0.013765
1789497036.152,200,0.014462
1789497036.199,200,0.007731
1789497036.246,200,0.007277
1789497036.312,200,0.023730
1789497036.347,200,0.007738
1789497036.402,200,0.009698
1789497036.452,200,0.011944
1789497036.498,200,0.006559
1789497036.547,200,0.009055
1789497036.607,200,0.019017
1789497036.648,200,0.010352
1789497036.697,200,0.009468
1789497036.743,200,0.005555
1789497036.791,200,0.004653
1789497036.846,200,0.006034
1789497036.891,200,0.003818
1789497036.944,200,0.005950
1789497037.006,200,0.008163
1789497037.048,200,0.010178
1789497037.110,200,0.019684
1789497037.147,200,0.008387
1789497037.205,200,0.014277
1789497037.250,200,0.009685
1789497037.301,200,0.006459
1789497037.342,200,0.004306
1789497037.406,200,0.014741
1789497037.443,200,0.005708
1789497037.493,200,0.005040
1789497037.550,200,0.012656
1789497037.596,200,0.008269
1789497037.647,200,0.007293
1789497037.693,200,0.005514
1789497037.743,200,0.006051
1789497037.798,200,0.009115
1789497037.846,200,0.004333
1789497037.894,200,0.004986
1789497037.948,200,0.010333
1789497037.997,200,0.008064
1789497038.041,200,0.004143
1789497038.091,200,0.003663
1789497038.147,200,0.009471
1789497038.197,200,0.007916
1789497038.243,200,0.005423
1789497038.295,200,0.005872
1789497038.347,200,0.009396
1789497038.393,200,0.005176
1789497038.444,200,0.007045
1789497038.492,200,0.004294
1789497038.543,200,0.006162
1789497038.603,200,0.015368
1789497038.645,200,0.006653
1789497038.698,200,0.007388
1789497038.748,200,0.010560
1789497038.801,200,0.010537
1789497038.841,200,0.003832
1789497038.900,200,0.011873
1789497038.944,200,0.006086
1789497038.992,200,0.004981
1789497039.051,200,0.013255
1789497039.093,200,0.005843
1789497039.142,200,0.004395
1789497047.157,200,0.006063
1789497047.165,200,0.005031
1789497047.178,200,0.006664
1789497047.212,200,0.016928
1789497047.216,200,0.011234
1789497047.218,200,0.022644
1789497047.231,200,0.019599
1789497047.234,200,0.012197
1789497047.241,200,0.007200
1789497047.246,200,0.005814
1789497047.255,200,0.004709
1789497047.273,200,0.012643
1789497047.278,200,0.006066
1789497047.285,200,0.004547
1789497047.299,200,0.008381
1789497047.304,200,0.003757
1789497047.320,200,0.009598
1789497047.328,200,0.007596
1789497047.334,200,0.003783
1789497047.345,200,0.004097
1789497047.353,200,0.003378
1789497047.364,200,0.004261
1789497047.380,200,0.009476
1789497047.387,200,0.005672
1789497047.395,200,0.003993
1789497047.403,200,0.003176
1789497047.418,200,0.007342
1789497047.429,200,0.005652
1789497047.438,200,0.007269
1789497047.447,200,0.006185
1789497047.454,200,0.003615
1789497047.467,200,0.006525
1789497047.476,200,0.004844
1789497047.487,200,0.005340
1789497047.496,200,0.006077
1789497047.506,200,0.005437
1789497047.524,200,0.012833
1789497047.529,200,0.007215
1789497047.540,200,0.007104
1789497047.545,200,0.003838
1789497047.553,200,0.002624
1789497047.568,200,0.006845
1789497047.588,200,0.014359
1789497047.595,200,0.012248
1789497047.598,200,0.006759
1789497047.604,200,0.003549
1789497047.614,200,0.003919
1789497047.624,200,0.003662
1789497047.639,200,0.007892
1789497047.643,200,0.002481
1789497047.662,200,0.012038
1789497047.668,200,0.006006
1789497047.675,200,0.005646
1789497047.686,200,0.006424
1789497047.697,200,0.004577
1789497047.714,200,0.015204
1789497047.722,200,0.009512
1789497047.730,200,0.008203
1789497047.737,200,0.006875
1789497047.743,200,0.004199
1789497047.758,200,0.008637
1789497047.773,200,0.012347
1789497047.779,200,0.008204
1789497047.784,200,0.004509
1789497047.799,200,0.008960
1789497047.809,200,0.009600
1789497047.813,200,0.003789
1789497047.824,200,0.004098
1789497047.833,200,0.003392
1789497047.845,200,0.005664
1789497047.856,200,0.006401
1789497047.869,200,0.009075
1789497047.875,200,0.004980
1789497047.883,200,0.003544
1789497047.922,200,0.023404
1789497047.925,200,0.025265
1789497047.928,200,0.016475
1789497047.930,200,0.008231
1789497047.937,200,0.006735
1789497047.944,200,0.004269
1789497047.954,200,0.004577
1789497047.964,200,0.004307
1789497047.980,200,0.009771
1789497047.984,200,0.003751
1789497048.021,200,0.028209
1789497048.023,200,0.020617
1789497048.033,200,0.022476
1789497048.042,200,0.019357
1789497048.043,200,0.009652
1789497048.050,200,0.008015
1789497048.062,200,0.011944
1789497048.066,200,0.005668
1789497048.072,200,0.003011
1789497048.084,200,0.003850
1789497048.099,200,0.009456
1789497048.103,200,0.003054
1789497048.115,200,0.003245
1789497048.124,200,0.004922
1789497048.139,200,0.009429
1789497048.157,200,0.015450
1789497048.162,200,0.009193
1789497048.165,200,0.004290
1789497048.177,200,0.006662
1789497048.193,200,0.009906
1789497048.202,200,0.009440
1789497048.208,200,0.007731
1789497048.214,200,0.003896
1789497048.223,200,0.003582
1789497048.235,200,0.005520
1789497048.243,200,0.003733
1789497048.254,200,0.004152
1789497048.271,200,0.011341
1789497048.276,200,0.004657
1789497048.285,200,0.005277
1789497048.295,200,0.005665
1789497048.305,200,0.005628
1789497048.313,200,0.003285
1789497048.352,200,0.020519
1789497048.353,200,0.020465
1789497048.357,200,0.016999
1789497048.364,200,0.011735
1789497048.371,200,0.007138
1789497048.382,200,0.011736
1789497048.384,200,0.004109
1789497048.405,200,0.014079
1789497048.411,200,0.010538
1789497048.416,200,0.004390
1789497048.431,200,0.008846
1789497048.436,200,0.006192
1789497048.451,200,0.009080
1789497048.455,200,0.005023
1789497048.484,200,0.024237
1789497048.485,200,0.014357
1789497048.492,200,0.008915
1789497048.499,200,0.006437
1789497048.503,200,0.003110
1789497048.518,200,0.008186
1789497048.522,200,0.002562
1789497048.539,200,0.008340
1789497048.550,200,0.010302
1789497048.562,200,0.011359
1789497048.571,200,0.010397
1789497048.580,200,0.007084
1789497048.597,200,0.016518
1789497048.600,200,0.008786
1789497048.603,200,0.003369
1789497048.649,200,0.019980
1789497048.649,200,0.018184
1789497048.653,200,0.013102
1789497048.653,200,0.035661
1789497048.661,200,0.011101
1789497048.664,200,0.003280
1789497048.676,200,0.005898
1789497048.685,200,0.004630
1789497048.696,200,0.004036
1789497048.706,200,0.005935
1789497048.716,200,0.006697
1789497048.727,200,0.007741
1789497048.741,200,0.009334
1789497048.744,200,0.003565
1789497048.774,200,0.023663
1789497048.788,200,0.026717
1789497048.792,200,0.018727
1789497048.792,200,0.009956
1789497048.795,200,0.003794
1789497048.812,200,0.007659
1789497048.819,200,0.005573
1789497048.827,200,0.006159
1789497048.836,200,0.006483
1789497048.847,200,0.003591
1789497048.870,200,0.009483
1789497048.870,200,0.020347
1789497048.878,200,0.005854
1789497048.885,200,0.005376
1789497048.898,200,0.008992
1789497048.907,200,0.006206
1789497048.918,200,0.007623
1789497048.926,200,0.006656
1789497048.933,200,0.003682
1789497048.943,200,0.003818
1789497048.954,200,0.004251
1789497048.973,200,0.012836
1789497048.978,200,0.008431
1789497048.991,200,0.011959
1789497049.001,200,0.010146
1789497049.015,200,0.011440
1789497049.023,200,0.008208
1789497049.028,200,0.006787
1789497049.033,200,0.003712
1789497049.058,200,0.017664
1789497049.074,200,0.024018
1789497049.084,200,0.018377
1789497049.086,200,0.013912
1789497049.091,200,0.009370
1789497049.098,200,0.006913
1789497049.106,200,0.007670
1789497049.113,200,0.003392
1789497049.127,200,0.007266
1789497049.133,200,0.003837
1789497049.144,200,0.004574
1789497049.156,200,0.006607
1789497049.165,200,0.005826
1789497049.175,200,0.005417
1789497049.182,200,0.003094
1789497049.197,200,0.007512
1789497049.209,200,0.009330
1789497049.232,200,0.014887
1789497049.232,200,0.011044
1789497049.235,200,0.004132
1789497049.243,200,0.003406
1789497049.255,200,0.004714
1789497049.269,200,0.009208
1789497049.278,200,0.007929
1789497049.285,200,0.004866
1789497049.294,200,0.004710
1789497049.317,200,0.016819
1789497049.324,200,0.006745
1789497049.327,200,0.008289
1789497049.332,200,0.003051
1789497049.342,200,0.002665
1789497049.359,200,0.008474
1789497049.370,200,0.008055
1789497049.378,200,0.007851
1789497049.384,200,0.004076
1789497049.392,200,0.002676
1789497049.404,200,0.003499
1789497049.413,200,0.003759
1789497049.423,200,0.003155
1789497049.440,200,0.009642
1789497049.443,200,0.002656
1789497049.464,200,0.013769
1789497049.470,200,0.005799
1789497049.478,200,0.004349
1789497049.487,200,0.007934
1789497049.493,200,0.004336
1789497049.515,200,0.015733
1789497049.537,200,0.022060
1789497049.541,200,0.010070
1789497049.541,200,0.015932
1789497049.556,200,0.014787
1789497049.561,200,0.011213
1789497049.569,200,0.007988
1789497049.578,200,0.007075
1789497049.583,200,0.003523
1789497049.593,200,0.003576
1789497049.609,200,0.009359
1789497049.614,200,0.003661
1789497049.624,200,0.004241
1789497049.637,200,0.005555
1789497049.646,200,0.006146
1789497049.656,200,0.006538
1789497049.668,200,0.008177
1789497049.679,200,0.005836
1789497049.683,200,0.003191
1789497049.712,200,0.022328
1789497049.737,200,0.031825
1789497049.737,200,0.024727
1789497049.737,200,0.016510
1789497049.746,200,0.015277
1789497049.753,200,0.011751
1789497049.758,200,0.005803
1789497049.763,200,0.003406
1789497049.776,200,0.006337
1789497049.801,200,0.007679
1789497049.801,200,0.014443
1789497049.825,200,0.024503
1789497049.830,200,0.019267
1789497049.837,200,0.017274
1789497049.839,200,0.009285
1789497049.843,200,0.003778
1789497049.868,200,0.015313
1789497049.869,200,0.008479
1789497049.876,200,0.005578
1789497049.884,200,0.004378
1789497049.893,200,0.003576
1789497049.904,200,0.004240
1789497049.913,200,0.003727
1789497049.925,200,0.004355
1789497049.935,200,0.005097
1789497049.946,200,0.004646
1789497049.959,200,0.009140
1789497049.965,200,0.004945
1789497049.978,200,0.008311
1789497049.984,200,0.004426
1789497050.000,200,0.008500
1789497050.014,200,0.012081
1789497050.021,200,0.007835
1789497050.026,200,0.006011
1789497050.040,200,0.010767
1789497050.047,200,0.006637
1789497050.054,200,0.004707
1789497050.070,200,0.010186
1789497050.083,200,0.010735
1789497050.091,200,0.009683
1789497050.097,200,0.006690
1789497050.112,200,0.009002
1789497050.116,200,0.004791
1789497050.122,200,0.002788
1789497050.142,200,0.012154
1789497050.152,200,0.007918
1789497050.157,200,0.006689
1789497050.163,200,0.004106
1789497050.178,200,0.005580
1789497050.190,200,0.006719
1789497050.203,200,0.012674
1789497050.207,200,0.008231
1789497050.212,200,0.002676
1789497050.226,200,0.005736
1789497050.236,200,0.006662
1789497050.246,200,0.006342
1789497050.255,200,0.005326
1789497050.262,200,0.003139
1789497050.296,200,0.025764
1789497050.302,200,0.018920
1789497050.304,200,0.011702
1789497050.308,200,0.007672
1789497050.317,200,0.007880
1789497050.323,200,0.003984
1789497050.335,200,0.005041
1789497050.350,200,0.010609
1789497050.360,200,0.010176
1789497050.368,200,0.008290
1789497050.376,200,0.005356
1789497050.386,200,0.006197
1789497050.395,200,0.005181
1789497050.402,200,0.002930
1789497050.431,200,0.019301
1789497050.437,200,0.016564
1789497050.443,200,0.011708
1789497050.446,200,0.005459
1789497050.452,200,0.002663
1789497050.468,200,0.003559
1789497050.478,200,0.008430
1789497050.482,200,0.003004
1789497050.499,200,0.009555
1789497050.510,200,0.009948
1789497050.513,200,0.003181
1789497050.549,200,0.016335
1789497050.549,200,0.016864
1789497050.553,200,0.009774
1789497050.563,200,0.010407
1789497050.582,200,0.020268
1789497050.592,200,0.021519
1789497050.592,200,0.012492
1789497050.596,200,0.005337
1789497050.605,200,0.005701
1789497050.613,200,0.003340
1789497050.629,200,0.008421
1789497050.634,200,0.003622
1789497050.643,200,0.003268
1789497050.656,200,0.004121
1789497050.666,200,0.006536
1789497050.675,200,0.005381
1789497050.685,200,0.005316
1789497050.693,200,0.003486
1789497050.721,200,0.018507
1789497050.729,200,0.017618
1789497050.737,200,0.016204
1789497050.740,200,0.007644
1789497050.744,200,0.004123
1789497050.756,200,0.006993
1789497050.768,200,0.007043
1789497050.777,200,0.004385
1789497050.787,200,0.005389
1789497050.796,200,0.005570
1789497050.807,200,0.006904
1789497050.815,200,0.005547
1789497050.827,200,0.007418
1789497050.833,200,0.003892
1789497050.846,200,0.006470
1789497050.857,200,0.007174
1789497050.872,200,0.012166
1789497050.879,200,0.007709
1789497050.884,200,0.004026
1789497050.896,200,0.006041
1789497050.905,200,0.005703
1789497050.919,200,0.009983
1789497050.929,200,0.008864
1789497050.935,200,0.005280
1789497050.943,200,0.003849
1789497050.956,200,0.006104
1789497050.965,200,0.005071
1789497050.975,200,0.005164
1789497050.983,200,0.003894
1789497051.012,200,0.012249
1789497051.012,200,0.011826
1789497051.023,200,0.010989
1789497051.027,200,0.004497
1789497051.033,200,0.003489
1789497051.044,200,0.003150
1789497051.056,200,0.004239
1789497051.071,200,0.008903
1789497051.075,200,0.004218
1789497051.089,200,0.007101
1789497051.104,200,0.013113
1789497051.111,200,0.008940
1789497051.118,200,0.006837
1789497051.123,200,0.003538
1789497051.154,200,0.023717
1789497051.171,200,0.017366
1789497051.171,200,0.028644
1789497051.174,200,0.011925
1789497051.177,200,0.005632
1789497051.183,200,0.003633
1789497051.194,200,0.004078
1789497051.203,200,0.003761
1789497051.223,200,0.010577
1789497051.226,200,0.005899
1789497051.239,200,0.004866
1789497051.247,200,0.007082
1789497051.258,200,0.005690
1789497051.269,200,0.008793
1789497051.277,200,0.006746
1789497051.282,200,0.002996
1789497051.312,200,0.016078
1789497051.319,200,0.007018
1789497051.319,200,0.017329
1789497051.341,200,0.021864
1789497051.341,200,0.010707
1789497051.350,200,0.009390
1789497051.357,200,0.006852
1789497051.362,200,0.003336
1789497051.377,200,0.004150
1789497051.385,200,0.005075
1789497051.401,200,0.008634
1789497051.406,200,0.005267
1789497051.417,200,0.005771
1789497051.431,200,0.011381
1789497051.437,200,0.006651
1789497051.445,200,0.006098
1789497051.454,200,0.004190
1789497051.485,200,0.024768
1789497051.490,200,0.017664
1789497051.496,200,0.012989
1789497051.499,200,0.006969
1789497051.502,200,0.002857
1789497051.522,200,0.009656
1789497051.526,200,0.004978
1789497051.536,200,0.004984
1789497051.547,200,0.004584
1789497051.552,200,0.003561
1789497051.563,200,0.003481
1789497051.587,200,0.017306
1789497051.598,200,0.008637
1789497051.598,200,0.009000
1789497051.602,200,0.002670
1789497051.621,200,0.011078
1789497051.636,200,0.010497
1789497051.642,200,0.008335
1789497051.646,200,0.004790
1789497051.655,200,0.005238
1789497051.663,200,0.003512
1789497051.675,200,0.005131
1789497051.684,200,0.005002
1789497051.694,200,0.004093
1789497051.711,200,0.010766
1789497051.717,200,0.007367
1789497051.726,200,0.006728
1789497051.735,200,0.005665
1789497051.742,200,0.003179
1789497051.784,200,0.030471
1789497051.784,200,0.023032
1789497051.787,200,0.016169
1789497051.800,200,0.013817
1789497051.800,200,0.009585
1789497051.806,200,0.004265
1789497051.815,200,0.006027
1789497051.827,200,0.007397
1789497051.837,200,0.007430
1789497051.850,200,0.010299
1789497051.856,200,0.006542
1789497051.889,200,0.018661
1789497051.893,200,0.022187
1789497051.904,200,0.021275
1789497051.904,200,0.014163
1789497051.917,200,0.012796
1789497051.933,200,0.016184
1789497051.936,200,0.016084
1789497051.940,200,0.008319
1789497051.944,200,0.003916
1789497051.961,200,0.010963
1789497051.969,200,0.007959
1789497051.975,200,0.004600
1789497051.985,200,0.005323
1789497051.996,200,0.006598
1789497052.009,200,0.009341
1789497052.016,200,0.005199
1789497052.025,200,0.005689
1789497052.036,200,0.005951
1789497052.044,200,0.004304
1789497052.059,200,0.009268
1789497052.067,200,0.006644
1789497052.075,200,0.005848
1789497052.083,200,0.003507
1789497052.093,200,0.003384
1789497052.109,200,0.009529
1789497052.115,200,0.004368
1789497052.124,200,0.004754
1789497052.134,200,0.003949
1789497052.145,200,0.005380
1789497052.158,200,0.007991
1789497052.175,200,0.010825
1789497052.181,200,0.010380
1789497052.186,200,0.005769
1789497052.197,200,0.006488
1789497052.213,200,0.010990
1789497052.219,200,0.006822
1789497052.225,200,0.004915
1789497052.239,200,0.009085
1789497052.249,200,0.009279
1789497052.255,200,0.005221
1789497052.263,200,0.003606
1789497052.277,200,0.007173
1789497052.283,200,0.003618
1789497052.306,200,0.013932
1789497052.306,200,0.006020
1789497052.314,200,0.005052
1789497052.325,200,0.005045
1789497052.369,200,0.038604
1789497052.377,200,0.034801
1789497052.377,200,0.024534
1789497052.383,200,0.010954
1789497052.384,200,0.018591
1789497052.392,200,0.009692
1789497052.400,200,0.007884
1789497052.406,200,0.005650
1789497052.415,200,0.005024
1789497052.425,200,0.005167
1789497052.439,200,0.009345
1789497052.449,200,0.007721
1789497052.458,200,0.007566
1789497052.465,200,0.005221
1789497052.473,200,0.004062
1789497052.500,200,0.019433
1789497052.500,200,0.009015
1789497052.508,200,0.006818
1789497052.516,200,0.004784
1789497052.522,200,0.003235
1789497052.534,200,0.003957
1789497052.547,200,0.006640
1789497052.556,200,0.006312
1789497052.566,200,0.003436
1789497052.573,200,0.003297
1789497052.583,200,0.003405
1789497052.607,200,0.017063
1789497052.615,200,0.013060
1789497052.619,200,0.009449
1789497052.624,200,0.004680
1789497052.646,200,0.009475
1789497052.653,200,0.010049
1789497052.659,200,0.007762
1789497052.663,200,0.003498
1789497052.673,200,0.002993
1789497052.684,200,0.003628
1789497052.698,200,0.007935
1789497052.706,200,0.004871
1789497052.715,200,0.004862
1789497052.727,200,0.004424
1789497052.740,200,0.010116
1789497052.747,200,0.006985
1789497052.760,200,0.008267
1789497052.763,200,0.003275
1789497052.778,200,0.008131
1789497052.806,200,0.019980
1789497052.806,200,0.011282
1789497052.812,200,0.010016
1789497052.815,200,0.004654
1789497052.831,200,0.007196
1789497052.837,200,0.006579
1789497052.851,200,0.011648
1789497052.857,200,0.007422
1789497052.867,200,0.008354
1789497052.875,200,0.005750
1789497052.889,200,0.008739
1789497052.900,200,0.008851
1789497052.905,200,0.005207
1789497052.913,200,0.003508
1789497052.931,200,0.010823
1789497052.941,200,0.010853
1789497052.949,200,0.008304
1789497052.954,200,0.004333
1789497052.963,200,0.003113
1789497052.974,200,0.004018
1789497052.983,200,0.003697
1789497052.993,200,0.003808
1789497053.008,200,0.006308
1789497053.014,200,0.004853
1789497053.024,200,0.004377
1789497053.039,200,0.009145
1789497053.045,200,0.004371
1789497053.063,200,0.011781
1789497053.066,200,0.004495
1789497053.082,200,0.012332
1789497053.087,200,0.005611
1789497053.095,200,0.005468
1789497053.103,200,0.003220
1789497053.114,200,0.004427
1789497053.140,200,0.015712
1789497053.140,200,0.009952
1789497053.147,200,0.006893
1789497053.152,200,0.002720
1789497053.175,200,0.009860
1789497053.177,200,0.007243
1789497053.189,200,0.006681
1789497053.200,200,0.010192
1789497053.209,200,0.005217
1789497053.214,200,0.004389
1789497053.233,200,0.012605
1789497053.239,200,0.008454
1789497053.247,200,0.006849
1789497053.252,200,0.002935
1789497053.289,200,0.026822
1789497053.293,200,0.011910
1789497053.294,200,0.023534
1789497053.297,200,0.004533
1789497053.302,200,0.002777
1789497053.316,200,0.006654
1789497053.331,200,0.011039
1789497053.335,200,0.003950
1789497053.345,200,0.004139
1789497053.353,200,0.004303
1789497053.370,200,0.010413
1789497053.376,200,0.005457
1789497053.384,200,0.004691
1789497053.394,200,0.004617
1789497053.408,200,0.005947
1789497053.415,200,0.005611
1789497053.427,200,0.007234
1789497053.434,200,0.004759
1789497053.442,200,0.002746
1789497053.455,200,0.005326
1789497053.467,200,0.007401
1789497053.473,200,0.003465
1789497053.488,200,0.006695
1789497053.494,200,0.004327
1789497053.514,200,0.011329
1789497053.519,200,0.007722
1789497053.526,200,0.005465
1789497053.535,200,0.005332
1789497053.549,200,0.009080
1789497053.558,200,0.005515
1789497053.565,200,0.005798
1789497053.575,200,0.004097
1789497053.582,200,0.002707
1789497053.595,200,0.004533
1789497053.605,200,0.004166
1789497053.616,200,0.006209
1789497053.628,200,0.005644
1789497053.635,200,0.005655
1789497053.651,200,0.009895
1789497053.659,200,0.005564
1789497053.665,200,0.005596
1789497053.674,200,0.004472
1789497053.694,200,0.013633
1789497053.701,200,0.009567
1789497053.708,200,0.006818
1789497053.715,200,0.005103
1789497053.722,200,0.002926
1789497053.740,200,0.009614
1789497053.746,200,0.006197
1789497053.758,200,0.008953
1789497053.762,200,0.002623
1789497053.777,200,0.007028
1789497053.783,200,0.004136
1789497053.799,200,0.005729
1789497053.806,200,0.006216
1789497053.814,200,0.004357
1789497053.822,200,0.003014
1789497053.842,200,0.011083
1789497053.853,200,0.009248
1789497053.862,200,0.012173
1789497053.866,200,0.005434
1789497053.876,200,0.006810
1789497053.889,200,0.009411
1789497053.897,200,0.007204
1789497053.907,200,0.007808
1789497053.912,200,0.002684
1789497053.924,200,0.003685
1789497053.936,200,0.005151
1789497053.958,200,0.016624
1789497053.963,200,0.009404
1789497053.967,200,0.006505
1789497053.973,200,0.004333
1789497053.996,200,0.012941
1789497054.004,200,0.012724
1789497054.011,200,0.009414
1789497054.015,200,0.005149
1789497054.026,200,0.006527
1789497054.034,200,0.005067
1789497054.050,200,0.010723
1789497054.056,200,0.005828
1789497054.063,200,0.003525
1789497054.082,200,0.012390
1789497054.088,200,0.007202
1789497054.103,200,0.013433
1789497054.108,200,0.006581
1789497054.113,200,0.003552
1789497054.156,200,0.028335
1789497054.159,200,0.027054
1789497054.160,200,0.013208
1789497054.163,200,0.012580
1789497054.171,200,0.011029
1789497054.181,200,0.009544
1789497054.186,200,0.003573
1789497054.195,200,0.005107
1789497054.209,200,0.006930
1789497054.218,200,0.004851
1789497054.222,200,0.003395
1789497054.256,200,0.015838
1789497054.256,200,0.021041
1789497054.259,200,0.008876
1789497054.264,200,0.004998
1789497054.277,200,0.008110
1789497054.287,200,0.006963
1789497054.296,200,0.006056
1789497054.305,200,0.005080
1789497054.321,200,0.011441
1789497054.327,200,0.007524
1789497054.332,200,0.002745
1789497054.352,200,0.011737
1789497054.357,200,0.006891
1789497054.364,200,0.004799
1789497054.379,200,0.008207
1789497054.386,200,0.005746
1789497054.396,200,0.005949
1789497054.403,200,0.003299
1789497054.434,200,0.024398
1789497054.435,200,0.009838
1789497054.442,200,0.009439
1789497054.446,200,0.005503
1789497054.452,200,0.002732
1789497054.464,200,0.003490
1789497054.477,200,0.004904
1789497054.485,200,0.005165
1789497054.496,200,0.005341
1789497054.506,200,0.006913
1789497054.541,200,0.020698
1789497054.541,200,0.010606
1789497054.542,200,0.029137
1789497054.545,200,0.005052
1789497054.574,200,0.013754
1789497054.574,200,0.020758
1789497054.582,200,0.008346
1789497054.587,200,0.006928
1789497054.593,200,0.003717
1789497054.604,200,0.004041
1789497054.615,200,0.004463
1789497054.626,200,0.006093
1789497054.634,200,0.004702
1789497054.644,200,0.004635
1789497054.658,200,0.005429
1789497054.668,200,0.008400
1789497054.674,200,0.003885
1789497054.683,200,0.003568
1789497054.693,200,0.003110
1789497054.715,200,0.014441
1789497054.720,200,0.010244
1789497054.729,200,0.008324
1789497054.735,200,0.004709
1789497054.743,200,0.003276
1789497054.753,200,0.003763
1789497054.764,200,0.003868
1789497054.778,200,0.007909
1789497054.784,200,0.004393
1789497054.800,200,0.007233
1789497054.813,200,0.012697
1789497054.817,200,0.007665
1789497054.824,200,0.004863
1789497054.833,200,0.003554
1789497054.845,200,0.005586
1789497054.857,200,0.007121
1789497054.868,200,0.008921
1789497054.875,200,0.004958
1789497054.887,200,0.007927
1789497054.902,200,0.007016
1789497054.909,200,0.007469
1789497054.917,200,0.006667
1789497054.922,200,0.003056
1789497054.937,200,0.004926
1789497054.955,200,0.015053
1789497054.962,200,0.010876
1789497054.966,200,0.004382
1789497054.982,200,0.009641
1789497054.990,200,0.008472
1789497055.001,200,0.007569
1789497055.008,200,0.007266
1789497055.014,200,0.004730
1789497055.027,200,0.007333
1789497055.037,200,0.006326
1789497055.046,200,0.006424
1789497055.056,200,0.006460
1789497055.063,200,0.003368
1789497055.078,200,0.007917
1789497055.089,200,0.009599
1789497055.100,200,0.010196
1789497055.109,200,0.009075
1789497055.113,200,0.003347
1789497055.123,200,0.003542
1789497055.140,200,0.006275
1789497055.153,200,0.012656
1789497055.156,200,0.003930
1789497055.162,200,0.002829
1789497055.172,200,0.002547
1789497055.210,200,0.025556
1789497055.211,200,0.009967
1789497055.212,200,0.014265
1789497055.215,200,0.004397
1789497055.228,200,0.008238
1789497055.236,200,0.006784
1789497055.244,200,0.004650
1789497055.255,200,0.005335
1789497055.265,200,0.005932
1789497055.273,200,0.004177
1789497055.291,200,0.009630
1789497055.299,200,0.008267
1789497055.306,200,0.005478
1789497055.313,200,0.003225
1789497055.330,200,0.009140
1789497055.341,200,0.007195
1789497055.351,200,0.009653
1789497055.355,200,0.004820
1789497055.362,200,0.002689
1789497055.381,200,0.010865
1789497055.385,200,0.004089
1789497055.395,200,0.005077
1789497055.406,200,0.004120
1789497055.417,200,0.006592
1789497055.443,200,0.022887
1789497055.443,200,0.012598
1789497055.448,200,0.005569
1789497055.453,200,0.003336
1789497055.470,200,0.009852
1789497055.478,200,0.004675
1789497055.487,200,0.006450
1789497055.496,200,0.006642
1789497055.502,200,0.003216
1789497055.513,200,0.003146
1789497055.527,200,0.006605
1789497055.538,200,0.008707
1789497055.547,200,0.008555
1789497055.556,200,0.007305
1789497055.567,200,0.007879
1789497055.577,200,0.007536
1789497055.595,200,0.015625
1789497055.601,200,0.008533
1789497055.605,200,0.004538
1789497055.612,200,0.002675
1789497055.631,200,0.008899
1789497055.641,200,0.010897
1789497055.651,200,0.009435
1789497055.655,200,0.004837
1789497055.662,200,0.002916
1789497055.674,200,0.003998
1789497055.684,200,0.004234
1789497055.695,200,0.003898
1789497055.704,200,0.004483
1789497055.715,200,0.005196
1789497055.729,200,0.008292
1789497055.738,200,0.007940
1789497055.746,200,0.005677
1789497055.753,200,0.003647
1789497055.792,200,0.028930
1789497055.792,200,0.022151
1789497055.797,200,0.016332
1789497055.800,200,0.009524
1789497055.810,200,0.010352
1789497055.821,200,0.010457
1789497055.825,200,0.005143
1789497055.837,200,0.007654
1789497055.844,200,0.004173
1789497055.883,200,0.033290
1789497055.894,200,0.032808
1789497055.895,200,0.014781
1789497055.896,200,0.014920
1789497055.901,200,0.009146
1789497055.907,200,0.006675
1789497055.934,200,0.024684
1789497055.936,200,0.013596
1789497055.940,200,0.008642
1789497055.944,200,0.003779
1789497055.958,200,0.008297
1789497055.966,200,0.006828
1789497055.979,200,0.009820
1789497055.987,200,0.007137
1789497055.995,200,0.006220
1789497056.004,200,0.004518
1789497056.015,200,0.005430
1789497056.027,200,0.007532
1789497056.034,200,0.004772
1789497056.042,200,0.002994
1789497056.073,200,0.022526
1789497056.082,200,0.019145
1789497056.086,200,0.013588
1789497056.089,200,0.004752
1789497056.092,200,0.002689
1789497056.105,200,0.004760
1789497056.114,200,0.004292
1789497056.125,200,0.004615
1789497056.134,200,0.004851
1789497056.150,200,0.009108
1789497056.166,200,0.012594
1789497056.167,200,0.006237
1789497056.173,200,0.003669
1789497056.183,200,0.003239
1789497056.199,200,0.008727
1789497056.211,200,0.009740
1789497056.218,200,0.007118
1789497056.226,200,0.006834
1789497056.233,200,0.003896
1789497056.249,200,0.007998
1789497056.257,200,0.006736
1789497056.266,200,0.007048
1789497056.273,200,0.003707
1789497056.286,200,0.006439
1789497056.292,200,0.003070
1789497056.306,200,0.005792
1789497056.315,200,0.005664
1789497056.325,200,0.004172
1789497056.332,200,0.002919
1789497056.377,200,0.023409
1789497056.377,200,0.037308
1789497056.378,200,0.016025
1789497056.381,200,0.007473
1789497056.384,200,0.005126
1789497056.402,200,0.011090
1789497056.405,200,0.004375
1789497056.417,200,0.006856
1789497056.438,200,0.015614
1789497056.447,200,0.012786
1789497056.453,200,0.014036
1789497056.461,200,0.009676
1789497056.468,200,0.006882
1789497056.474,200,0.004355
1789497056.485,200,0.005246
1789497056.501,200,0.010181
1789497056.510,200,0.009915
1789497056.519,200,0.008717
1789497056.524,200,0.004190
1789497056.533,200,0.003812
1789497056.545,200,0.005032
1789497056.553,200,0.002821
1789497056.575,200,0.008410
1789497056.581,200,0.011400
1789497056.587,200,0.004989
1789497056.596,200,0.005772
1789497056.605,200,0.004539
1789497056.614,200,0.004459
1789497056.626,200,0.004123
1789497056.658,200,0.026134
1789497056.659,200,0.014181
1789497056.661,200,0.010988
1789497056.664,200,0.003576
1789497056.674,200,0.004134
1789497056.693,200,0.013062
1789497056.710,200,0.017222
1789497056.710,200,0.010359
1789497056.714,200,0.003949
1789497056.730,200,0.010314
1789497056.740,200,0.005885
1789497056.749,200,0.009245
1789497056.759,200,0.006369
1789497056.767,200,0.007332
1789497056.776,200,0.007072
1789497056.788,200,0.007836
1789497056.803,200,0.007906
1789497056.806,200,0.004182
1789497056.812,200,0.002610
1789497056.840,200,0.010948
1789497056.840,200,0.009400
1789497056.850,200,0.007520
1789497056.854,200,0.004195
1789497056.867,200,0.007278
1789497056.877,200,0.008022
1789497056.886,200,0.005459
1789497056.896,200,0.006774
1789497056.908,200,0.008850
1789497056.912,200,0.002669
1789497056.931,200,0.011346
1789497056.941,200,0.006756
1789497056.948,200,0.007427
1789497056.952,200,0.002643
1789497056.968,200,0.007795
1789497056.977,200,0.005855
1789497056.986,200,0.006623
1789497056.996,200,0.006114
1789497057.005,200,0.005036
1789497057.023,200,0.010038
1789497057.033,200,0.010896
1789497057.042,200,0.011068
1789497057.046,200,0.006205
1789497057.055,200,0.005064
1789497057.068,200,0.007611
1789497057.078,200,0.008392
1789497057.086,200,0.005777
1789497057.099,200,0.009459
1789497057.105,200,0.004766
1789497057.115,200,0.005718
1789497057.127,200,0.007824
1789497057.139,200,0.006405
1789497057.146,200,0.006174
1789497057.159,200,0.008959
1789497057.168,200,0.007612
1789497057.176,200,0.005816
1789497057.202,200,0.021820
1789497057.209,200,0.015620
1789497057.211,200,0.010077
1789497057.220,200,0.009580
1789497057.224,200,0.004527
1789497057.239,200,0.007692
1789497057.245,200,0.003887
1789497057.255,200,0.005228
1789497057.296,200,0.033865
1789497057.296,200,0.026444
1789497057.296,200,0.015903
1789497057.306,200,0.015112
1789497057.311,200,0.012327
1789497057.318,200,0.007037
1789497057.331,200,0.007542
1789497057.338,200,0.007381
1789497057.342,200,0.003306
1789497057.354,200,0.003826
1789497057.364,200,0.004052
1789497057.374,200,0.004134
1789497057.388,200,0.008824
1789497057.393,200,0.003109
1789497057.406,200,0.006283
1789497057.417,200,0.008029
1789497057.431,200,0.008239
1789497057.437,200,0.005648
1789497057.442,200,0.002954
1789497057.458,200,0.007676
1789497057.468,200,0.005751
1789497057.478,200,0.007272
1789497057.485,200,0.005731
1789497057.492,200,0.002938
1789497057.505,200,0.004201
1789497057.515,200,0.005912
1789497057.527,200,0.007502
1789497057.540,200,0.010805
1789497057.548,200,0.008044
1789497057.562,200,0.012674
1789497057.565,200,0.004104
1789497057.577,200,0.003774
1789497057.583,200,0.004308
1789497057.592,200,0.002682
1789497057.612,200,0.012353
1789497057.620,200,0.008861
1789497057.627,200,0.007092
1789497057.635,200,0.005328
1789497057.643,200,0.003314
1789497057.660,200,0.009847
1789497057.664,200,0.004671
1789497057.674,200,0.004026
1789497057.688,200,0.007730
1789497057.695,200,0.005394
1789497057.709,200,0.009680
1789497057.716,200,0.005370
1789497057.725,200,0.005179
1789497057.733,200,0.003356
1789497057.761,200,0.020749
1789497057.761,200,0.010794
1789497057.770,200,0.007124
1789497057.775,200,0.004987
1789497057.782,200,0.002840
1789497057.792,200,0.002615
1789497057.805,200,0.005520
1789497057.820,200,0.010974
1789497057.827,200,0.007033
1789497057.837,200,0.008542
1789497057.847,200,0.007931
1789497057.852,200,0.003042
1789497057.867,200,0.007280
1789497057.875,200,0.005999
1789497057.884,200,0.003773
1789497057.892,200,0.002695
1789497057.921,200,0.021061
1789497057.927,200,0.014777
1789497057.935,200,0.014780
1789497057.940,200,0.010063
1789497057.944,200,0.003749
1789497057.952,200,0.003072
1789497057.966,200,0.005992
1789497057.985,200,0.012914
1789497057.994,200,0.012822
1789497057.997,200,0.004802
1789497058.006,200,0.004959
1789497058.015,200,0.006039
1789497058.039,200,0.018600
1789497058.042,200,0.009826
1789497058.045,200,0.004114
1789497058.061,200,0.011252
1789497058.070,200,0.009090
1789497058.079,200,0.009245
1789497058.087,200,0.006378
1789497058.092,200,0.002934
1789497058.106,200,0.004210
1789497058.115,200,0.005380
1789497058.134,200,0.012454
1789497058.141,200,0.008290
1789497058.147,200,0.004523
1789497058.159,200,0.008867
1789497058.172,200,0.011696
1789497058.178,200,0.006614
1789497058.183,200,0.003183
1789497058.230,200,0.036528
1789497058.230,200,0.025376
1789497058.230,200,0.018888
1789497058.236,200,0.014576
1789497058.241,200,0.010121
1789497058.245,200,0.005594
1789497058.268,200,0.017340
1789497058.272,200,0.011015
1789497058.276,200,0.004400
1789497058.285,200,0.004735
1789497058.297,200,0.006781
1789497058.305,200,0.005906
1789497058.319,200,0.007557
1789497058.323,200,0.003054
1789497058.334,200,0.004112
1789497058.358,200,0.017732
1789497058.371,200,0.014187
1789497058.376,200,0.012113
1789497058.380,200,0.004746
1789497058.383,200,0.003083
1789497058.395,200,0.004628
1789497058.403,200,0.003999
1789497058.415,200,0.005252
1789497058.424,200,0.004368
1789497058.443,200,0.013322
1789497058.448,200,0.006529
1789497058.464,200,0.013500
1789497058.475,200,0.012379
1789497058.482,200,0.011390
1789497058.486,200,0.004178
1789497058.505,200,0.010524
1789497058.511,200,0.006155
1789497058.519,200,0.009061
1789497058.529,200,0.008099
1789497058.537,200,0.006141
1789497058.545,200,0.005098
1789497058.558,200,0.007890
1789497058.586,200,0.023565
1789497058.589,200,0.016543
1789497058.590,200,0.009821
1789497058.595,200,0.004361
1789497058.607,200,0.005331
1789497058.614,200,0.004101
1789497058.625,200,0.004600
1789497058.636,200,0.006046
1789497058.644,200,0.004945
1789497058.659,200,0.007500
1789497058.666,200,0.005157
1789497058.677,200,0.007512
1789497058.683,200,0.003072
1789497058.701,200,0.010532
1789497058.731,200,0.016342
1789497058.731,200,0.027535
1789497058.732,200,0.009741
1789497058.735,200,0.003566
1789497058.748,200,0.008012
1789497058.759,200,0.008867
1789497058.770,200,0.010117
1789497058.778,200,0.008435
1789497058.787,200,0.007591
1789497058.815,200,0.025163
1789497058.824,200,0.020724
1789497058.824,200,0.008656
1789497058.827,200,0.005221
1789497058.839,200,0.009829
1789497058.856,200,0.010685
1789497058.866,200,0.010807
1789497058.872,200,0.009499
1789497058.875,200,0.004482
1789497058.883,200,0.003397
1789497058.901,200,0.010773
1789497058.905,200,0.003745
1789497058.922,200,0.009119
1789497058.926,200,0.004318
1789497058.938,200,0.007357
1789497058.959,200,0.009289
1789497058.959,200,0.013136
1789497058.966,200,0.005131
1789497058.974,200,0.004157
1789497058.988,200,0.007926
1789497059.000,200,0.007378
1789497059.007,200,0.006529
1789497059.015,200,0.005323
1789497059.024,200,0.004177
1789497059.039,200,0.009489
1789497059.048,200,0.007817
1789497059.056,200,0.005589
1789497059.070,200,0.010545
1789497059.073,200,0.003090
1789497059.086,200,0.005135
1789497059.116,200,0.015160
1789497059.120,200,0.017913
1789497059.122,200,0.007961
1789497059.125,200,0.005262
1789497059.141,200,0.011344
1789497059.152,200,0.011258
1789497059.158,200,0.005881
1789497059.166,200,0.004467
1789497059.173,200,0.003650
1789497059.187,200,0.006850
1789497059.196,200,0.005642
1789497059.204,200,0.003627
1789497059.235,200,0.024499
1789497059.236,200,0.012921
1789497059.242,200,0.011074
1789497059.247,200,0.006945
1789497059.257,200,0.007766
1789497059.265,200,0.005602
1789497059.275,200,0.005698
1789497059.283,200,0.003185
1789497059.320,200,0.026876
1789497059.323,200,0.019679
1789497059.326,200,0.015055
1789497059.329,200,0.008267
1789497059.332,200,0.003148
1789497059.349,200,0.005397
1789497059.356,200,0.006712
1789497059.370,200,0.010186
1789497059.378,200,0.004782
1789497059.386,200,0.006463
1789497059.422,200,0.031171
1789497059.427,200,0.016573
1789497059.427,200,0.021559
1789497059.433,200,0.012151
1789497059.440,200,0.009037
1789497059.447,200,0.007189
1789497059.468,200,0.014945
1789497059.471,200,0.007158
1789497059.474,200,0.003785
1789497059.493,200,0.010319
1789497059.497,200,0.006530
1789497059.509,200,0.004449
1789497059.519,200,0.007883
1789497059.531,200,0.011366
1789497059.561,200,0.030724
1789497059.566,200,0.022147
1789497059.569,200,0.017752
1789497059.569,200,0.007985
1789497059.572,200,0.002726
1789497059.610,200,0.023923
1789497059.611,200,0.013785
1789497059.617,200,0.016769
1789497059.618,200,0.006665
1789497059.628,200,0.006296
1789497059.643,200,0.008096
1789497059.649,200,0.005718
1789497059.657,200,0.005787
1789497059.670,200,0.010928
1789497059.676,200,0.006011
1789497059.686,200,0.006192
1789497059.699,200,0.008662
1789497059.707,200,0.005311
1789497059.713,200,0.003715
1789497059.762,200,0.042253
1789497059.771,200,0.015431
1789497059.772,200,0.035758
1789497059.773,200,0.012675
1789497059.775,200,0.030467
1789497059.783,200,0.012759
1789497059.794,200,0.012857
1789497059.805,200,0.010630
1789497059.819,200,0.013640
1789497059.831,200,0.010531
1789497059.831,200,0.015371
1789497059.839,200,0.007822
1789497059.847,200,0.006530
1789497059.861,200,0.011839
1789497059.867,200,0.007260
1789497059.873,200,0.003601
1789497059.912,200,0.031770
1789497059.919,200,0.016890
1789497059.919,200,0.023921
1789497059.923,200,0.010592
1789497059.931,200,0.010262
1789497059.936,200,0.004919
1789497059.945,200,0.004867
1789497059.959,200,0.005650
1789497059.966,200,0.006063
1789497059.976,200,0.006452
1789497059.983,200,0.003156
1789497059.996,200,0.005811
1789497060.008,200,0.008009
1789497060.016,200,0.006598
1789497060.024,200,0.004278
1789497060.039,200,0.009372
1789497060.047,200,0.006764
1789497060.055,200,0.005146
1789497060.066,200,0.004908
1789497060.073,200,0.003372
1789497060.087,200,0.004225
1789497060.096,200,0.006576
1789497060.110,200,0.010887
1789497060.116,200,0.006141
1789497060.129,200,0.009936
1789497060.133,200,0.003279
1789497060.159,200,0.015713
1789497060.167,200,0.011517
1789497060.168,200,0.007846
1789497060.174,200,0.005256
1789497060.186,200,0.005078
1789497060.196,200,0.004683
1789497060.204,200,0.004692
1789497060.214,200,0.004359
1789497060.224,200,0.003732
1789497060.235,200,0.004218
1789497060.244,200,0.003709
1789497060.255,200,0.005139
1789497060.265,200,0.004916
1789497060.275,200,0.005079
1789497060.284,200,0.004224
1789497060.293,200,0.002970
1789497060.304,200,0.004062
1789497060.317,200,0.007035
1789497060.323,200,0.003889
1789497060.357,200,0.026826
1789497060.358,200,0.011253
1789497060.363,200,0.009349
1789497060.366,200,0.006728
1789497060.406,200,0.020481
1789497060.407,200,0.023983
1789497060.408,200,0.010222
1789497060.417,200,0.016553
1789497060.424,200,0.014384
1789497060.428,200,0.005475
1789497060.432,200,0.002430
1789497060.444,200,0.003502
1789497060.453,200,0.002710
1789497060.464,200,0.003734
1789497060.484,200,0.014101
1789497060.492,200,0.009666
1789497060.498,200,0.006579
1789497060.503,200,0.003698
1789497060.546,200,0.029572
1789497060.546,200,0.025504
1789497060.547,200,0.016812
1789497060.550,200,0.006866
1789497060.557,200,0.007539
1789497060.564,200,0.003490
1789497060.577,200,0.005715
1789497060.584,200,0.004467
1789497060.594,200,0.004192
1789497060.607,200,0.005587
1789497060.618,200,0.008572
1789497060.628,200,0.005956
1789497060.636,200,0.005868
1789497060.645,200,0.005090
1789497060.659,200,0.009265
1789497060.667,200,0.005896
1789497060.677,200,0.005660
1789497060.687,200,0.006363
1789497060.693,200,0.003325
1789497060.707,200,0.007000
1789497060.715,200,0.004865
1789497060.727,200,0.007188
1789497060.739,200,0.004397
1789497060.745,200,0.005078
1789497060.754,200,0.003919
1789497060.771,200,0.006615
1789497060.782,200,0.010328
1789497060.787,200,0.006265
1789497060.792,200,0.002992
1789497060.817,200,0.009393
1789497060.828,200,0.013904
1789497060.833,200,0.013223
1789497060.836,200,0.004320
1789497060.850,200,0.006802
1789497060.856,200,0.005663
1789497060.875,200,0.011834
1789497060.880,200,0.009873
1789497060.886,200,0.006140
1789497060.894,200,0.004200
1789497060.916,200,0.010899
1789497060.925,200,0.008813
1789497060.929,200,0.008656
1789497060.933,200,0.003089
1789497060.964,200,0.017811
1789497060.971,200,0.020805
1789497060.972,200,0.011669
1789497060.976,200,0.004185
1789497060.990,200,0.010607
1789497061.001,200,0.010849
1789497061.008,200,0.007641
1789497061.013,200,0.003713
1789497061.023,200,0.002888
1789497061.034,200,0.004259
1789497061.047,200,0.006026
1789497061.057,200,0.007066
1789497061.065,200,0.005333
1789497061.073,200,0.003737
1789497061.088,200,0.007937
1789497061.098,200,0.008330
1789497061.109,200,0.009023
1789497061.116,200,0.005372
1789497061.123,200,0.003833
1789497061.138,200,0.006778
1789497061.147,200,0.005084
1789497061.155,200,0.005566
1789497061.165,200,0.005678
1789497061.176,200,0.006532
1789497061.187,200,0.006974
1789497061.204,200,0.010207
1789497061.211,200,0.010765
1789497061.216,200,0.005351
1789497061.222,200,0.003033
1789497061.262,200,0.026790
1789497061.263,200,0.011839
1789497061.267,200,0.015167
1789497061.268,200,0.007519
1789497061.272,200,0.002909
1789497061.283,200,0.003870
1789497061.295,200,0.004821
1789497061.305,200,0.005310
1789497061.314,200,0.004046
1789497061.325,200,0.004718
1789497061.339,200,0.008158
1789497061.345,200,0.005311
1789497061.357,200,0.006646
1789497061.364,200,0.004137
1789497061.373,200,0.003585
1789497061.387,200,0.006102
1789497061.398,200,0.005316
1789497061.406,200,0.005838
1789497061.414,200,0.004126
1789497061.427,200,0.007251
1789497061.437,200,0.007283
1789497061.446,200,0.006817
1789497061.453,200,0.003730
1789497061.465,200,0.004983
1789497061.474,200,0.004545
1789497061.509,200,0.012764
1789497061.509,200,0.020269
1789497061.513,200,0.007152
1789497061.521,200,0.010245
1789497061.531,200,0.006893
1789497061.539,200,0.008560
1789497061.547,200,0.006044
1789497061.553,200,0.003629
1789497061.574,200,0.007544
1789497061.578,200,0.008434
1789497061.584,200,0.004471
1789497061.595,200,0.005335
1789497061.603,200,0.003559
1789497061.614,200,0.004189
1789497061.646,200,0.023004
1789497061.648,200,0.016271
1789497061.651,200,0.004973
1789497061.654,200,0.003690
1789497061.681,200,0.020507
1789497061.682,200,0.009700
1789497061.698,200,0.015357
1789497061.698,200,0.007164
1789497061.702,200,0.002894
1789497061.720,200,0.009591
1789497061.725,200,0.003177
1789497061.735,200,0.006045
1789497061.744,200,0.003556
1789497061.759,200,0.004841
1789497061.766,200,0.005475
1789497061.775,200,0.005546
1789497061.786,200,0.005599
1789497061.794,200,0.004077
1789497061.804,200,0.004646
1789497061.820,200,0.010376
1789497061.827,200,0.006987
1789497061.835,200,0.005603
1789497061.844,200,0.004230
1789497061.859,200,0.004703
1789497061.868,200,0.008469
1789497061.876,200,0.006725
1789497061.886,200,0.006585
1789497061.894,200,0.004080
1789497061.904,200,0.003908
1789497061.936,200,0.020238
1789497061.940,200,0.013570
1789497061.943,200,0.008122
1789497061.948,200,0.007735
1789497061.972,200,0.011094
1789497061.972,200,0.018988
1789497061.978,200,0.006972
1789497061.985,200,0.005221
1789497061.993,200,0.003355
1789497062.003,200,0.003265
1789497062.013,200,0.003513
1789497062.025,200,0.005954
1789497062.033,200,0.003731
1789497062.048,200,0.008126
1789497062.054,200,0.004940
1789497062.068,200,0.005164
1789497062.077,200,0.005274
1789497062.086,200,0.006177
1789497062.095,200,0.004904
1789497062.106,200,0.005952
1789497062.112,200,0.002704
1789497062.150,200,0.022321
1789497062.151,200,0.020632
1789497062.155,200,0.009774
1789497062.163,200,0.012503
1789497062.169,200,0.007446
1789497062.181,200,0.010872
1789497062.189,200,0.007701
1789497062.195,200,0.004621
1789497062.209,200,0.009195
1789497062.220,200,0.009462
1789497062.231,200,0.010380
1789497062.233,200,0.003618
1789497062.246,200,0.005671
1789497062.255,200,0.003564
1789497062.266,200,0.006036
1789497062.277,200,0.007832
1789497062.286,200,0.005819
1789497062.293,200,0.003125
1789497062.339,200,0.038447
1789497062.344,200,0.028857
1789497062.344,200,0.013023
1789497062.345,200,0.019999
1789497062.357,200,0.006272
1789497062.357,200,0.013811
1789497062.368,200,0.005728
1789497062.379,200,0.009602
1789497062.385,200,0.004898
1789497062.400,200,0.010349
1789497062.407,200,0.007438
1789497062.416,200,0.005763
1789497062.433,200,0.009757
1789497062.437,200,0.005341
1789497062.443,200,0.003467
1789497062.458,200,0.008245
1789497062.469,200,0.006959
1789497062.483,200,0.012758
1789497062.486,200,0.004449
1789497062.499,200,0.008886
1789497062.507,200,0.007097
1789497062.512,200,0.002955
1789497062.526,200,0.006889
1789497062.536,200,0.006566
1789497062.543,200,0.003106
1789497062.559,200,0.008510
1789497062.566,200,0.005078
1789497062.575,200,0.005660
1789497062.583,200,0.002862
1789497062.601,200,0.009703
1789497062.607,200,0.006800
1789497062.616,200,0.006503
1789497062.627,200,0.003982
1789497062.632,200,0.002906
1789497062.644,200,0.003981
1789497062.653,200,0.003482
1789497062.667,200,0.006049
1789497062.674,200,0.004425
1789497062.685,200,0.004098
1789497062.698,200,0.005175
1789497062.707,200,0.007744
1789497062.713,200,0.003595
1789497062.722,200,0.002897
1789497062.733,200,0.003053
1789497062.755,200,0.014977
1789497062.762,200,0.011237
1789497062.769,200,0.008024
1789497062.773,200,0.003397
1789497062.783,200,0.002652
1789497062.795,200,0.005190
1789497062.808,200,0.007728
1789497062.814,200,0.003385
1789497062.823,200,0.003341
1789497062.835,200,0.004668
1789497062.845,200,0.004909
1789497062.859,200,0.009305
1789497062.869,200,0.008397
1789497062.874,200,0.003404
1789497062.882,200,0.002670
1789497062.901,200,0.011222
1789497062.910,200,0.006517
1789497062.918,200,0.008170
1789497062.927,200,0.006439
1789497062.933,200,0.003453
1789497062.948,200,0.005908
1789497062.964,200,0.015047
1789497062.969,200,0.006464
1789497062.977,200,0.007488
1789497062.983,200,0.003475
1789497062.995,200,0.005066
1789497063.012,200,0.010777
1789497063.021,200,0.010243
1789497063.026,200,0.006095
1789497063.032,200,0.002697
1789497063.052,200,0.009158
1789497063.064,200,0.012389
1789497063.071,200,0.010098
1789497063.074,200,0.004038
1789497063.082,200,0.002732
1789497063.104,200,0.011605
1789497063.109,200,0.004319
1789497063.120,200,0.010066
1789497063.128,200,0.008157
1789497063.137,200,0.007881
1789497063.147,200,0.008056
1789497063.157,200,0.007142
1789497063.165,200,0.005592
1789497063.174,200,0.004616
1789497063.183,200,0.003261
1789497063.223,200,0.026963
1789497063.223,200,0.013853
1789497063.224,200,0.013821
1789497063.231,200,0.010663
1789497063.236,200,0.005543
1789497063.246,200,0.006315
1789497063.255,200,0.005531
1789497063.266,200,0.004251
1789497063.278,200,0.008194
1789497063.294,200,0.015280
1789497063.303,200,0.008991
1789497063.308,200,0.007126
1789497063.314,200,0.004115
1789497063.323,200,0.002869
1789497063.345,200,0.008656
1789497063.359,200,0.017039
1789497063.359,200,0.008239
1789497063.365,200,0.004007
1789497063.372,200,0.002659
1789497063.391,200,0.007493
1789497063.396,200,0.005302
1789497063.405,200,0.004430
1789497063.416,200,0.006271
1789497063.428,200,0.004831
1789497063.442,200,0.013370
1789497063.452,200,0.009466
1789497063.458,200,0.008046
1789497063.464,200,0.004695
1789497063.474,200,0.003878
1789497063.488,200,0.007652
1789497063.509,200,0.017757
1789497063.513,200,0.006507
1789497063.516,200,0.005211
1789497063.528,200,0.007696
1789497063.536,200,0.006583
1789497063.549,200,0.009350
1789497063.568,200,0.011967
1789497063.569,200,0.008567
1789497063.577,200,0.007152
1789497063.587,200,0.006362
1789497063.597,200,0.006131
1789497063.604,200,0.004220
1789497063.612,200,0.002678
1789497063.633,200,0.007599
1789497063.640,200,0.008957
1789497063.647,200,0.007048
1789497063.653,200,0.003551
1789497063.663,200,0.002839
1789497063.678,200,0.007735
1789497063.688,200,0.006755
1789497063.695,200,0.004530
1789497063.704,200,0.004684
1789497063.716,200,0.006252
1789497063.752,200,0.021469
1789497063.752,200,0.024958
1789497063.756,200,0.011162
1789497063.759,200,0.008020
1789497063.789,200,0.025216
1789497063.794,200,0.023254
1789497063.798,200,0.013896
1789497063.798,200,0.007379
1789497063.802,200,0.002447
1789497063.815,200,0.004240
1789497063.823,200,0.003929
1789497063.834,200,0.003976
1789497063.848,200,0.004515
1789497063.864,200,0.013824
1789497063.871,200,0.010126
1789497063.877,200,0.006621
1789497063.886,200,0.004583
1789497063.895,200,0.004721
1789497063.904,200,0.003989
1789497063.938,200,0.028081
1789497063.939,200,0.014735
1789497063.943,200,0.011586
1789497063.951,200,0.011204
1789497063.960,200,0.008976
1789497063.967,200,0.007609
1789497063.976,200,0.005926
1789497063.983,200,0.003156
1789497063.997,200,0.006533
1789497064.007,200,0.006872
1789497064.017,200,0.007372
1789497064.028,200,0.009167
1789497064.032,200,0.002742
1789497064.045,200,0.003990
1789497064.058,200,0.008441
1789497064.067,200,0.006392
1789497064.075,200,0.005782
1789497064.083,200,0.003331
1789497064.099,200,0.007817
1789497064.108,200,0.007366
1789497064.116,200,0.006552
1789497064.125,200,0.005661
1789497064.133,200,0.003601
1789497064.145,200,0.004201
1789497064.155,200,0.005059
1789497064.167,200,0.004583
1789497064.176,200,0.003861
1789497064.186,200,0.005237
1789497064.209,200,0.019146
1789497064.211,200,0.007516
1789497064.220,200,0.009717
1789497064.225,200,0.004277
1789497064.239,200,0.008808
1789497064.252,200,0.007498
1789497064.259,200,0.007694
1789497064.266,200,0.004958
1789497064.273,200,0.003514
1789497064.291,200,0.010909
1789497064.299,200,0.008571
1789497064.304,200,0.003812
1789497064.314,200,0.004031
1789497064.323,200,0.003066
1789497064.335,200,0.004719
1789497064.347,200,0.007368
1789497064.359,200,0.009162
1789497064.364,200,0.004325
1789497064.373,200,0.003445
1789497064.389,200,0.009002
1789497064.399,200,0.005504
1789497064.406,200,0.005062
1789497064.415,200,0.005556
1789497064.423,200,0.003240
1789497064.436,200,0.005630
1789497064.445,200,0.005267
1789497064.455,200,0.005106
1789497064.468,200,0.006985
1789497064.475,200,0.005318
1789497064.488,200,0.007589
1789497064.497,200,0.006632
1789497064.505,200,0.005465
1789497064.514,200,0.004401
1789497064.533,200,0.013084
1789497064.556,200,0.023190
1789497064.561,200,0.017522
1789497064.561,200,0.009362
1789497064.564,200,0.004088
1789497064.584,200,0.013181
1789497064.598,200,0.014406
1789497064.601,200,0.008963
1789497064.606,200,0.005347
1789497064.615,200,0.005266
1789497064.629,200,0.008581
1789497064.636,200,0.005844
1789497064.652,200,0.007225
1789497064.655,200,0.004080
1789497064.667,200,0.006247
1789497064.701,200,0.018402
1789497064.703,200,0.024259
1789497064.704,200,0.013057
1789497064.707,200,0.006751
1789497064.720,200,0.009088
1789497064.726,200,0.005823
1789497064.741,200,0.007556
1789497064.749,200,0.008231
1789497064.758,200,0.008079
1789497064.763,200,0.003648
1789497064.783,200,0.013434
1789497064.789,200,0.007312
1789497064.794,200,0.003689
1789497064.803,200,0.003316
1789497064.825,200,0.013542
1789497064.832,200,0.009235
1789497064.839,200,0.008698
1789497064.845,200,0.004659
1789497064.853,200,0.003165
1789497064.875,200,0.014711
1789497064.881,200,0.010664
1789497064.896,200,0.016393
1789497064.902,200,0.010974
1789497064.912,200,0.011971
1789497064.921,200,0.010572
1789497064.929,200,0.007805
1789497064.936,200,0.005817
1789497064.944,200,0.003843
1789497064.953,200,0.003047
1789497064.979,200,0.010219
1789497064.987,200,0.015698
1789497064.992,200,0.006607
1789497064.995,200,0.004342
1789497065.002,200,0.002927
1789497065.019,200,0.008980
1789497065.027,200,0.007090
1789497065.038,200,0.008550
1789497065.042,200,0.002807
1789497065.054,200,0.004582
1789497065.064,200,0.004331
1789497065.083,200,0.009741
1789497065.088,200,0.006442
1789497065.095,200,0.004823
1789497065.103,200,0.003201
1789497065.144,200,0.022961
1789497065.144,200,0.022030
1789497065.147,200,0.013178
1789497065.150,200,0.009066
1789497065.160,200,0.010317
1789497065.171,200,0.010937
1789497065.174,200,0.003136
1789497065.186,200,0.004096
1789497065.205,200,0.010873
1789497065.213,200,0.011698
1789497065.218,200,0.007966
1789497065.229,200,0.005894
1789497065.236,200,0.005973
1789497065.243,200,0.003338
1789497065.260,200,0.010033
1789497065.267,200,0.007334
1789497065.277,200,0.007264
1789497065.285,200,0.005307
1789497065.293,200,0.003357
1789497065.303,200,0.003100
1789497065.314,200,0.004159
1789497065.324,200,0.003932
1789497065.336,200,0.003869
1789497065.350,200,0.010265
1789497065.358,200,0.004871
1789497065.375,200,0.015449
1789497065.388,200,0.014115
1789497065.391,200,0.011150
1789497065.394,200,0.002996
1789497065.402,200,0.002507
1789497065.417,200,0.006716
1789497065.440,200,0.019637
1789497065.446,200,0.015273
1789497065.448,200,0.007766
1789497065.452,200,0.002821
1789497065.470,200,0.006811
1789497065.480,200,0.010275
1789497065.490,200,0.009827
1789497065.497,200,0.006313
1789497065.502,200,0.003102
1789497065.514,200,0.004713
1789497065.527,200,0.007184
1789497065.535,200,0.005535
1789497065.545,200,0.005074
1789497065.554,200,0.004262
1789497065.595,200,0.014948
1789497065.595,200,0.027216
1789497065.595,200,0.016756
1789497065.598,200,0.004842
1789497065.602,200,0.002812
1789497065.614,200,0.004180
1789497065.624,200,0.003639
1789497065.637,200,0.004813
1789497065.651,200,0.010980
1789497065.655,200,0.004223
1789497065.664,200,0.004278
1789497065.674,200,0.004459
1789497065.688,200,0.008595
1789497065.694,200,0.003641
1789497065.726,200,0.014132
1789497065.726,200,0.014469
1789497065.731,200,0.010864
1789497065.735,200,0.004987
1789497065.753,200,0.013634
1789497065.762,200,0.010546
1789497065.768,200,0.007396
1789497065.773,200,0.003334
1789497065.783,200,0.002855
1789497065.800,200,0.009441
1789497065.808,200,0.005265
1789497065.816,200,0.004642
1789497065.827,200,0.007225
1789497065.833,200,0.003907
1789497065.844,200,0.004041
1789497065.857,200,0.006801
1789497065.865,200,0.005667
1789497065.875,200,0.005710
1789497065.896,200,0.016677
1789497065.910,200,0.009707
1789497065.910,200,0.013567
1789497065.919,200,0.007122
1789497065.923,200,0.003568
1789497065.941,200,0.011002
1789497065.950,200,0.008912
1789497065.953,200,0.002771
1789497065.963,200,0.003340
1789497065.979,200,0.009201
1789497065.985,200,0.004903
1789497065.995,200,0.005126
1789497066.011,200,0.010985
1789497066.018,200,0.006873
1789497066.023,200,0.003527
1789497066.064,200,0.026399
1789497066.064,200,0.014216
1789497066.067,200,0.009969
1789497066.070,200,0.007103
1789497066.073,200,0.002905
1789497066.087,200,0.003431
1789497066.098,200,0.007238
1789497066.114,200,0.013668
1789497066.118,200,0.007589
1789497066.126,200,0.006621
1789497066.133,200,0.003287
1789497066.149,200,0.005311
1789497066.162,200,0.011520
1789497066.167,200,0.005585
1789497066.173,200,0.004075
1789497066.218,200,0.038231
1789497066.223,200,0.021800
1789497066.225,200,0.030083
1789497066.225,200,0.013716
1789497066.231,200,0.010164
1789497066.235,200,0.004707
1789497066.244,200,0.004227
1789497066.257,200,0.006966
1789497066.273,200,0.012091
1789497066.281,200,0.011326
1789497066.288,200,0.007023
1789497066.310,200,0.013136
1789497066.310,200,0.009208
1789497066.313,200,0.002963
1789497066.344,200,0.020222
1789497066.357,200,0.021035
1789497066.357,200,0.014278
1789497066.360,200,0.004493
1789497066.364,200,0.003536
1789497066.374,200,0.003783
1789497066.387,200,0.005945
1789497066.396,200,0.005059
1789497066.405,200,0.004475
1789497066.416,200,0.006137
1789497066.428,200,0.007912
1789497066.437,200,0.006115
1789497066.445,200,0.005162
1789497066.454,200,0.004637
1789497066.464,200,0.003941
1789497066.483,200,0.009725
1789497066.493,200,0.012882
1789497066.501,200,0.010297
1789497066.505,200,0.004511
1789497066.520,200,0.010392
1789497066.527,200,0.007707
1789497066.536,200,0.006656
1789497066.546,200,0.006391
1789497066.557,200,0.008052
1789497066.574,200,0.014438
1789497066.591,200,0.017089
1789497066.594,200,0.010496
1789497066.597,200,0.006737
1789497066.602,200,0.002931
1789497066.647,200,0.030937
1789497066.647,200,0.016892
1789497066.649,200,0.021923
1789497066.658,200,0.017676
1789497066.658,200,0.006592
1789497066.666,200,0.005481
1789497066.681,200,0.010568
1789497066.691,200,0.009779
1789497066.694,200,0.003406
1789497066.705,200,0.005164
1789497066.717,200,0.006594
1789497066.731,200,0.007813
1789497066.738,200,0.007792
1789497066.744,200,0.004122
1789497066.774,200,0.024625
1789497066.793,200,0.018244
1789497066.793,200,0.029114
1789497066.793,200,0.011258
1789497066.796,200,0.005170
1789497066.807,200,0.007718
1789497066.819,200,0.009240
1789497066.827,200,0.007185
1789497066.834,200,0.005136
1789497066.845,200,0.005642
1789497066.854,200,0.003864
1789497066.885,200,0.011048
1789497066.886,200,0.020978
1789497066.890,200,0.008449
1789497066.899,200,0.009067
1789497066.907,200,0.005991
1789497066.918,200,0.008105
1789497066.929,200,0.008555
1789497066.934,200,0.003522
1789497066.944,200,0.004420
1789497066.954,200,0.004733
1789497066.972,200,0.011435
1789497066.975,200,0.003257
1789497066.986,200,0.003303
1789497066.994,200,0.003728
1789497067.027,200,0.026961
1789497067.033,200,0.020907
1789497067.040,200,0.015263
1789497067.044,200,0.012672
1789497067.047,200,0.006365
1789497067.055,200,0.005102
1789497067.069,200,0.008534
1789497067.077,200,0.007216
1789497067.086,200,0.006753
1789497067.107,200,0.016587
1789497067.108,200,0.005352
1789497067.114,200,0.004185
1789497067.127,200,0.006235
1789497067.140,200,0.010590
1789497067.145,200,0.004651
1789497067.155,200,0.005466
1789497408.385,200,0.008049
1789497438.389,200,0.009584
1789497468.389,200,0.009627
1789497498.385,200,0.006842
1789497528.390,200,0.010643
1789497558.390,200,0.009498
1789497588.386,200,0.007567
1789497617.878,200,0.009769
1789497627.875,200,0.007832
1789497637.878,200,0.008540
1789497647.874,200,0.008977
1789497657.873,200,0.008109
1789497667.881,200,0.008058
1789497677.878,200,0.004050
1789497687.873,200,0.008431
1789497697.875,200,0.005137
1789497707.870,200,0.004651
1789497717.892,200,0.017221
1789497727.869,200,0.003425
1789497737.899,200,0.008187
1789497747.884,200,0.019200
1789497757.875,200,0.008312
1789497767.882,200,0.008680
1789497777.874,200,0.005240
1789497787.877,200,0.011567
1789497797.889,200,0.022356
1789497936.478,200,0.009188
1789497946.481,200,0.009540
1789497956.475,200,0.010928
1789497966.479,200,0.008909
1789497976.472,200,0.004916
1789497986.483,200,0.018226
1789497996.490,200,0.016160
1789498006.470,200,0.005375
1789498016.472,200,0.008598
1789498026.467,200,0.004362
1789498036.473,200,0.010427
1789498046.478,200,0.012272
1789498056.477,200,0.006056
1789498066.475,200,0.010896
1789498076.482,200,0.013048
1789498086.470,200,0.004798
1789498096.475,200,0.006840
1789498106.471,200,0.005541
1789498116.474,200,0.004553
1789498554.671,200,0.010470
1789498564.656,200,0.007571
1789498574.660,200,0.010762
1789498584.663,200,0.006001
1789498594.657,200,0.004806
1789498604.655,200,0.003445
1789498614.658,200,0.003987
1789498624.654,200,0.003322
1789498634.657,200,0.005128
1789498644.664,200,0.014578
1789498654.665,200,0.016481
1789498664.652,200,0.003096
1789498674.658,200,0.009259
1789498684.657,200,0.009433
1789498694.654,200,0.006148
1789498704.651,200,0.003683
1789498714.660,200,0.006261
1789498724.666,200,0.016842
1789499309.669,200,0.065780
1789499319.606,200,0.006439
1789499329.606,200,0.006057
1789499339.608,200,0.008180
1789499349.603,200,0.004016
1789499359.605,200,0.006053
1789499369.605,200,0.005408
1789499379.611,200,0.011720
1789499389.608,200,0.008762
1789499399.603,200,0.003987
1789499409.605,200,0.005881
1789499419.604,200,0.004522
1789499429.606,200,0.006632
1789499439.604,200,0.004973
1789499449.604,200,0.004807
1789499459.607,200,0.007993
1789499469.603,200,0.003833
1789499479.606,200,0.007194
1789499916.117,600,0.015518
1789500029.406,1200,0.078850
1789500158.881,1200,0.070827
1789500288.433,1200,0.074871
1789500418.992,1200,0.074082
1789500820.279,800,0.071931
1789500939.475,800,0.070475
1789501058.575,800,0.058528
1789501177.745,800,0.058353
1789501296.955,800,0.069788
1789501416.163,800,0.061574
1789501744.076,200,0.068226
1789501774.016,200,0.009883
1789501804.015,200,0.009104
1789501834.017,200,0.008890
